Ethan,Mitchell,ethan.mitchell@example.com,NewPass321,NewPass321
Isabella,Carter,isabella.carter@example.com,TestUser654,TestUser654
Mason,Phillips,mason.phillips@example.com,PassTest111,PassTest111
Harper,Evans,harper.evans@example.com,Qwerty890,Qwerty890
Logan,Roberts,logan.roberts@example.com,SecureKey44,SecureKey44
Amelia,Stewart,amelia.stewart@example.com,HelloPass99,HelloPass99
Elijah,Collins,elijah.collins@example.com,RandomSecure77,RandomSecure77
Abigail,Morris,abigail.morris@example.com,TestLoginXYZ,TestLoginXYZ
Henry,Cook,henry.cook@example.com,MySecretPass3,MySecretPass3
Grace,Bell,grace.bell@example.com,PasswordTest2024,PasswordTest2024